freq,A_dpOAE,A_dpNF,S_dpOAE,S_dpNF,A_sfOAE,A_sfNF,S_sfOAE,S_sfNF
0.5,11.6217079323117,-22.1213311706483,24.6076050943201,-19.2662956746819,8.501035470631,-15.095574564324,10.3945103136591,-14.3245964111641
0.503402656832241,11.6451382973113,-21.2044753486736,24.6816828304973,-17.9428606675713,8.26012741590523,-16.3597488704608,10.3606843729578,-14.316692853082
0.506828469811518,11.6887674086569,-20.0463867748652,24.7600042937422,-16.6048712796951,8.04998410468232,-18.0071309596228,10.364165593423,-12.7574040442578
0.510277596522674,11.7448835012901,-19.0092192571385,24.8464359140205,-15.76078298256,7.92363165852134,-19.8615277249216,10.4431435232377,-10.6449419407537
0.513750195622969,11.8084040916357,-17.9028282033486,24.944514406926,-15.1786998664574,7.88986121502734,-21.7635280457057,10.5942478238858,-8.63384548180352
0.517246426849372,11.876160824118,-16.8501526266782,25.0570241995815,-14.6504503653267,7.95214009534942,-23.1184220321431,10.8108379058366,-6.86859120549605
0.520766451025915,11.9476535280258,-16.1425132151253,25.1851186289167,-14.1689351030333,8.10791301204625,-23.0051656780044,11.0839937282573,-5.3368343881213
0.524310430071085,12.1155215708972,-15.70248286463,25.2510214267523,-13.7038175285973,8.34912503763422,-21.4944156195377,11.4036649990474,-3.99841287781226
0.527878527005278,12.3429191550824,-15.446554265529,25.2877726230124,-13.1945275584331,8.59867960926545,-19.5214203122308,11.6984070933524,-2.81579692641952
0.531470905958293,12.5805993376051,-15.3782350644083,25.3391528939233,-12.772365925346,8.90595572582833,-17.6256286686991,12.0194040665858,-1.75902880637517
0.535087732176886,12.8332340582443,-15.5688800498243,25.4024717912136,-12.5791103626972,9.04153169818812,-17.2292735783973,12.0959115681796,-1.4428962736485
0.538729172032366,13.1029076681256,-16.4527618217414,25.4748569427664,-12.7327018839712,8.86442344368913,-19.0567939129186,11.7734923362576,-2.10150148767491
0.542395393028253,13.3891580476483,-19.3156223275261,25.55366642953,-13.6739944047076,8.69600177149186,-21.276816609579,11.4464628849611,-2.71654083726935
0.54608656380798,13.6903579340881,-26.3898899913195,25.6363628132932,-15.8571175897096,8.53712543231683,-23.936470176392,11.114603933575,-3.24633826288766
0.549802854162652,14.005071468629,-22.1909505861197,25.7201417071522,-17.3136246631445,8.51952162540869,-26.5385458194474,10.8653452801231,-3.64036140973735
0.553544435038856,14.332357557561,-17.1547426942275,25.8021367064505,-15.4833046769937,8.70042737749623,-26.9394213673775,10.7406579237025,-3.84897054369412
0.557311478546524,14.6702464935138,-15.1882481938226,25.8793799918236,-13.7905982129527,8.86432298792147,-24.5764673979077,10.5967589929759,-3.83911466033658
0.56110415796685,15.0060416163903,-14.4527805516113,26.0525326550519,-13.0205189142049,9.01216182085301,-21.7772385164918,10.4328224448556,-3.6078910489141
0.564922647760259,15.3360911644122,-14.2321787209785,26.3350624786959,-12.6179979616882,9.14484292533706,-19.3839222907989,10.2479110586937,-3.1838494511818
0.568767123574437,15.6703153632488,-14.2269276947982,26.6021768848912,-12.3455716603783,9.31230857958224,-18.2815163807688,10.3304256247495,-2.96638107180712
0.572637762252406,16.0039793311624,-14.3166428892408,26.8534181381719,-12.1272151959529,9.52661108516185,-17.8785543660736,10.7292253175895,-3.02975232414036
0.57653474184066,16.3341211712198,-14.5121984034848,27.0898934235985,-11.9435234209466,9.70008667187193,-17.0216350994356,11.0196024164946,-2.95179002912175
0.580458241597357,16.6576829901363,-14.854324032022,27.3143604176711,-11.7864398856721,9.89813603272859,-15.9239679156044,11.3083501293931,-2.73708257293964
0.584408442000561,16.9735282382396,-15.3083417206636,27.5314993129393,-11.6580475616543,10.119589818411,-14.7535481312822,11.5947684704722,-2.40212966453026
0.588385524756546,17.2819399500045,-15.7990607453241,27.7472919625642,-11.6123838199478,10.3630909748796,-13.6033426203598,11.8782732698048,-1.9708718019856
0.592389672808155,17.5836119376696,-16.3935248251175,27.9675360446248,-11.7025215781766,10.6271433095806,-12.5139286857618,12.1583820733571,-1.46938671331611
0.596421070343214,17.8802974425346,-17.2348990186415,28.1964191678679,-11.9065276779457,10.9109352971265,-11.4982412727698,12.4630064496099,-0.921774336373744
0.600479902803005,18.1492863682058,-18.3285474420769,28.4007318155382,-12.2162842942286,11.2119136081068,-10.6358865444159,13.0255414563512,-0.407849804734212
0.604566356890797,18.4088545474286,-19.6485401394378,28.611231311009,-12.7333623066415,11.4163102755839,-12.262842803823,13.4258684211578,-1.68548900044891
0.608680620580432,18.6599536235047,-21.4284664084046,28.82588604842,-13.5606676864011,11.6441390493343,-14.1569039526344,13.8331179151201,-2.99123598922989
0.612822883124974,18.902862021915,-23.8157233838217,29.0393020076614,-14.4374872809474,11.8949854410438,-16.2841247563496,14.2463137903335,-4.16698687708259
0.616993335065411,19.1369551206737,-26.3399370384778,29.2458233604198,-14.9360668830305,12.1680973061493,-18.265894352761,14.6641619832717,-4.91872318494774
0.621192168239426,19.3620445997561,-28.2651990658504,29.4409613984273,-14.9113367390676,12.4405758115115,-18.9735938580669,15.0455964079543,-4.93852975399773
0.625419575790214,19.5779696011084,-29.3781901871358,29.6219590449862,-14.5171444623167,12.6825380556911,-17.7122842827233,15.3412995269665,-4.20315010959933
0.629675752175374,19.7853633385456,-29.8134000810408,29.7882920088936,-13.9805418783494,12.9397490228375,-15.5523057406141,15.6382418979476,-3.00181906286633
0.633960893175845,19.9848657513365,-29.2144285787332,29.9410624209351,-13.4181580350124,13.17425588112,-13.6428971641927,15.8907629820588,-1.8093006985377
0.638275195904923,20.2932128053145,-27.4082696827521,29.9843146776647,-12.9306126987877,12.8626436917586,-14.9900385257316,15.4531272745133,-3.30532696801953
0.642618858817314,20.5955689561688,-25.2996932019123,30.0342164645956,-12.3687094215444,12.5476903904566,-15.1419484503931,14.9977652154716,-5.09863271229443
0.646992081718277,20.892414834088,-23.6898814857323,30.0942133243186,-11.6829961942998,12.274158591965,-13.9611212910179,14.4007852022302,-7.30742719532799
0.651395065772806,21.1846729225088,-23.055512764136,30.1666463287843,-10.8213637932896,12.0177458248108,-12.1751382429671,13.7572527596992,-10.0797881815146
0.655828013514886,21.4726879017955,-23.6844748950328,30.2527210958644,-10.0448969650631,11.7682874141138,-10.3561311647516,13.1226827172808,-13.3038217700025
0.660291128856808,21.7565385318858,-24.5537840576121,30.3522244013689,-9.76272358132945,11.5310487578314,-8.69765733808748,12.5114432659628,-14.9080966922099
0.664784617098554,22.0359718512246,-22.9276399216069,30.4637123308431,-10.0357113052839,11.3123910800701,-7.2271913763642,11.941452286968,-12.5459791445786
0.669308684937232,22.3117805101548,-20.4327114527762,30.5850899955013,-10.5586776161792,11.0269755611953,-7.56363619103411,11.6720255070018,-11.86196888143
0.673863540476592,22.4342916647163,-19.0444048014731,30.7392965394133,-10.9786212998289,10.6165809506803,-9.8312003417505,11.7300666595007,-14.2874942650476
0.678449393236593,22.4476740600312,-18.5936373254391,30.9170282412921,-11.1982072588777,10.2037638891483,-12.1603538934485,11.7856806619621,-17.6822856445536
0.683066454163045,22.4636069684101,-18.5826732015393,31.0991254072221,-11.4332811173527,9.79094141615371,-13.3386449076158,11.8386876571014,-23.3103029718122
0.68771493563731,22.481042515839,-18.763460514892,31.2859522995622,-12.0205268028425,9.38125242370683,-12.1320248996409,11.888913470909,-35.7530674081076
0.692395051486071,22.4972441896109,-19.0275037075936,31.4780702794081,-13.334294880344,8.95746000784646,-9.74893359985276,11.9075530487755,-23.9628820134711
0.697107016991169,22.5086848962544,-19.4426907306043,31.675724968081,-15.9394854028174,8.46137226297805,-7.41831698309943,11.8184625003887,-17.9367308295055
0.701851048899505,22.5128489518396,-20.1275055559005,31.8789373178058,-20.4097375736653,7.89435631025839,-6.38368476845415,11.5966393212526,-15.0785444185616
0.706627365433012,22.5083810819041,-21.3189326579767,32.0872898620065,-20.2263345939479,7.11307221350381,-7.82721681594177,11.0513796136378,-14.2989301867195
0.711436186298689,22.4489519056725,-23.4359409526799,31.9480292849543,-15.7715104145401,6.27734852651059,-9.55639861003357,10.4839889858903,-13.5008358368389
0.716277732698715,22.373477281869,-27.0586489092379,31.586715628769,-13.5332481282877,5.41956507949413,-11.6957743001878,9.8965553848945,-12.7103662524784
0.721152227340613,22.3242064770451,-33.2040600002452,31.2399277511733,-12.4988438255714,4.6493459283854,-14.4474110367892,9.29534974767535,-11.9424670230276
0.726059894447506,22.3090918665131,-38.7039684975233,30.9137546089073,-11.8661907435096,3.81130998651821,-18.0387187341805,8.67607241993898,-11.204766104187
0.731000959768422,22.3367561967984,-34.3279684465056,30.6165888990735,-11.3076426159824,2.89153648586296,-21.3682556246999,8.04419878155517,-10.5004150786734
0.735975650588683,22.4146559933984,-31.5705748198404,30.3589152025804,-10.8585981212191,1.94625799984931,-21.3325808131875,7.68359607864068,-10.6211938396652
0.74098419574036,22.5488626370977,-30.0706322825653,30.153177698106,-10.6549670141734,0.968571553024731,-21.6637935644225,7.5798150533588,-11.3920221758374
0.746026825612797,22.7198152032104,-28.9288503497564,30.0165308609169,-10.8189677764835,-0.16229540970437,-21.589117090952,7.32863184227563,-11.436735032644
0.751103772163209,22.3857591253343,-28.1922629430165,29.9972933988107,-11.4638635385899,-1.44225856761,-21.1204878710861,7.0718928108069,-10.7203077541201
0.756215268927356,22.0814247820684,-27.1623661865275,29.9765781922714,-12.8808310316144,-2.91775347556705,-20.3611873701622,6.80988888788625,-9.52703033780921
0.761361551030277,21.8068390131683,-26.2044969177699,29.9560486973695,-15.2566618640864,-4.65647791262239,-19.4394354391904,6.54329879705438,-8.16776970112875
0.766542855197114,21.5626778079341,-25.758789789245,29.9372730375024,-18.7141323522584,-6.66590365057658,-18.4565407855906,6.53611717730524,-6.82065610541127
0.771759419763998,21.3498179482297,-25.9840535917155,29.9212347990986,-23.1317090616965,-7.61612440811535,-19.4732190945509,6.02056523025004,-7.24619368398339
0.77701148468901,21.1704612128756,-26.7272806163406,29.9084486642982,-26.8389236368828,-3.95781183438453,-20.4344932662053,5.43024694106327,-7.90295168865464
0.782299291563223,21.0270736599301,-27.7126616924034,29.898260395935,-26.01601029875,-0.325485550749875,-20.7440026548055,4.8651332595872,-8.57192011911337
0.787623083621814,20.9247079451172,-28.5949477028205,29.8958408319948,-23.0173944575792,2.47622476406502,-20.2430239180336,4.37672871002087,-9.23761929097952
0.792983105755246,20.8331373557438,-29.1558982560414,29.8930549934489,-20.2320129840359,4.7287010447709,-19.146218578736,4.08095078810129,-9.87544605986915
0.798379604520546,20.7504846031541,-29.374960106123,29.8862060258991,-17.9227368929506,6.58567055298602,-17.7963043515996,3.95170595984752,-10.4495511299233
0.803812828152633,20.6757456366953,-29.3972640766464,29.8735850776307,-16.1055600596599,6.57977105747455,-16.8242998705639,4.55658635130089,-10.6724239841791
0.809283026575745,20.6063470066131,-29.1592104790577,29.8546582931345,-14.7656120402447,5.43617490421923,-15.9694817394325,5.51929806110468,-9.91476563027891
0.814790451414934,20.5388667877892,-28.1782031277189,29.8296390985401,-13.8897516885151,4.15421365847686,-15.027555160103,6.37317062111197,-8.53731381409176
0.820335356007638,20.4704549175009,-26.368596284316,29.799443847704,-13.4471610628121,2.75964642407189,-14.0683392503889,7.17362020016179,-6.98342294804917
0.825917995415335,20.4559096493261,-24.3804764737407,29.7009946416406,-13.4379508672463,1.38182014447915,-13.1311199981714,7.94724362487779,-5.47961702168493
0.831538626435276,20.4437775983112,-22.8675349894488,29.6025513664778,-13.7013025701179,0.344484619858747,-12.2349278820873,8.69423031770594,-4.09908105031212
0.8371975076123,20.4329830645822,-22.0261548643325,29.5069869654117,-14.1646797595751,2.4863761761124,-11.7693679965838,9.30188659938835,-4.27848620964494
0.842894899250724,20.4237377430314,-21.8886238718809,29.4162373805876,-14.852311834959,5.59413700690897,-10.2898953508322,9.8119566097854,-5.55199892287641
0.848631063426317,20.4180150831506,-22.4994931872215,29.3319737608363,-15.9002805534628,7.98034951389519,-8.20572558666782,10.3069109755775,-6.95708719571269
0.854406263998355,20.419871004552,-24.0884844883381,29.2556561410406,-17.5905701229129,9.9024353683069,-6.19784280389314,10.7878622219393,-8.45190761233482
0.860220766621763,20.5157434306841,-27.2975680221409,29.2859619211389,-20.2184384335243,11.483242917155,-4.42837213575513,11.2556195198439,-9.87910662758259
0.866074838759325,20.7162257489164,-34.9658543100608,29.443752397499,-23.6076704547918,12.7806697166696,-2.89092188579212,11.6957855335135,-10.8680330578817
0.871968749693997,20.9101419434578,-33.926697795639,29.5967789540319,-23.227824728708,11.9146831565949,-3.53847104739617,11.7584351561027,-11.4701944202565
0.877902770541291,21.0997128166578,-25.188904633539,29.7452848568636,-19.375302084582,10.5013361091752,-4.6090583328812,11.747237136077,-11.7638105720098
0.883877174261742,21.2860194278865,-20.9408737897415,29.8903262228156,-16.6219749320289,9.10927199325289,-5.48064165382584,11.6700486737011,-11.6159810717259
0.889892235673468,21.4675812218391,-18.451988246995,30.0334408780616,-15.1716143657185,8.01521836368005,-5.93981258623222,11.4523489863,-11.0598610194008
0.895948231464813,21.6305909958906,-16.9581001129142,30.1578592825419,-14.7607571191828,7.59170184710626,-5.82501057364368,11.323971033748,-10.2219906718481
0.90204544020707,21.7373454911151,-16.1453559486522,30.1870240507336,-15.3238808202523,7.67489108834542,-5.48567510192004,11.3444446196365,-9.42844927806738
0.908184142367294,21.8551755161262,-15.736825493723,30.2241941565931,-16.7293258706381,6.84777279355063,-5.95282029634183,11.5046301045992,-9.04103159963432
0.914364620321212,21.9818720216471,-15.5909667003347,30.2699350160509,-18.8594756953318,5.84814658686855,-6.44813080511818,11.5423594695977,-8.48769280908186
0.920587158366202,22.1161898660959,-15.6018386314176,30.3236981823598,-20.6801935538659,4.79439084105877,-6.97472173683377,11.6375006414647,-7.82433567201065
0.926852042734378,22.2588913872441,-15.6950771641849,30.3844028093559,-20.0155249747953,3.71885921735685,-7.53617943297155,11.7850326820893,-7.10034588618862
0.933159561605751,22.4220157259319,-15.7978789464495,30.4927378322945,-17.8713487242861,2.8995468891581,-8.13663026746877,11.8431994508665,-6.35262465328839
0.93951000512149,22.6647497103046,-15.8183978941016,30.8565126897076,-15.9137544507953,3.50545207801184,-7.09022841131821,11.0388422242423,-5.9839778155233
0.94590366539726,22.921529017815,-15.8137926847446,31.2039676815718,-14.7399961546525,4.15715486319925,-5.95469461241169,10.0896032552265,-5.40023214166126
0.952340836536671,23.1947527687499,-15.8058614386199,31.5343447214825,-14.2056094422704,4.69945348212894,-4.92974262386298,9.08906167009616,-4.62939521323204
0.958821814644798,23.4858249808596,-15.8308862680374,31.8464896158117,-14.0826385915011,5.05590097722961,-3.99797543581474,8.75523407854672,-3.76184374877243
0.965346897841803,23.7956269388771,-15.9298222636145,32.1398550109832,-14.084992126038,5.34343891046882,-3.14499386546129,8.66356188124161,-2.86303588181738
0.971916386276651,24.1211215092883,-16.1282947743785,32.3694439573812,-13.9599545477354,4.69050622424436,-3.6352824494229,8.84126095630916,-3.99633420710609
0.978530582140913,24.4525333278056,-16.4265093609537,32.5010882505388,-13.5311159074736,3.81160722009946,-4.15008143249281,9.09121481823735,-6.3127508247544
0.985189789682671,24.7907073484553,-16.7922516464654,32.6203477167703,-12.7438618872883,3.53219406059691,-3.88207139825016,9.13566507640564,-9.0768367686145
0.991894315220506,25.1323579022936,-17.1832984169856,32.730262844586,-11.8469866690803,3.57289608877778,-2.94202542342748,9.13619710852481,-11.584868331263
0.998644467157598,25.4745151586697,-17.5641108963079,32.8336484904577,-11.1158752411494,4.00199741705376,-1.65785874460738,9.09959195814724,-11.4202401983278
1.0054405559959,25.813802400413,-17.8951656352676,32.9321918175999,-10.7613948722868,3.24905999111871,-2.27128891011012,9.50162968467674,-12.8310266791089
1.01228289435045,26.0162707413851,-18.2773099144623,32.8884671507118,-11.0698769495618,1.63201143775075,-3.81053715714592,9.94755476920631,-15.5824464275876
1.01917179696369,26.1819050861834,-18.5893773885071,32.8045500068491,-12.0758306744818,-0.296343076449261,-5.46053998694566,10.2003186763172,-15.8109300497972
1.02610758072002,26.3441566527511,-18.8146986891647,32.7148725748787,-13.9197258324521,-2.54245362196497,-7.00382922194603,10.3416404952858,-13.1579228828583
1.03309056466033,26.5021381361339,-19.0120835328252,32.6168461986845,-16.9104957273379,-4.84112675837304,-7.91452477608402,10.9328400720773,-10.2497143983977
1.04012106999666,26.6572649391511,-19.2682767337348,32.5085418015095,-21.6839826259468,-9.93704937382626,-9.43163041779746,11.0332191097451,-10.2988173866918
1.04719942012702,26.7653441480708,-19.732557360403,32.5198142613542,-28.5382981285845,-20.895425545714,-11.5026965422046,11.1337303700029,-10.6723133223796
1.05432594065025,26.8120886466263,-20.5231804976715,32.6950278955475,-27.8548325310751,-13.2372913511121,-14.230778133817,11.3985664014535,-10.9839464499715
1.06150095938097,26.8604540595661,-21.7314061343255,32.8607224440632,-24.3778633220329,-7.72504450699898,-18.1829896189803,11.7348954756499,-11.2151190948364
1.06872480636471,26.9127865532097,-23.630463316346,33.0180060428506,-23.4434490128577,-4.4328816781528,-22.2666783507099,11.982417289284,-11.1311319905828
1.07599781389303,26.9713884766402,-26.8130743728716,33.1689904516849,-23.9436586993573,-1.3203912118604,-18.4101360341248,11.3681164190041,-10.0622519317851
1.08332031651887,27.0197264781973,-33.1100125996745,33.2806704707942,-23.890032149145,1.80084046058073,-15.570881687125,10.2947753572628,-8.95982951009552
1.09069265107189,27.0219582520094,-45.4066686662762,33.2919954284994,-21.8048243818495,4.58455249271123,-13.3769334280487,9.26897381048917,-7.88698414936829
1.09811515667398,27.0221430058704,-31.2249687528969,33.3083129965533,-19.3067148075532,6.59958336484243,-11.5993099186035,8.37347782269995,-6.87111980735597
1.10558817475486,27.0180017201346,-26.6439101784325,33.3304490000622,-17.5127445735768,6.71088528884809,-11.9562187109616,8.59989743572169,-7.19337650281216
1.11311204906781,27.0060502283711,-24.6011368618468,33.3580029446189,-16.3935630922521,6.39224198287701,-13.4785963177927,9.20542517379278,-7.93149806817826
1.12068712570543,27.0230224312365,-23.8660341118173,33.3922459780539,-15.5725106151595,6.47770555654694,-15.2706472841396,9.78641308974727,-8.18979260534297
1.12831375311561,27.1475999590186,-23.8364174295437,33.4355266027699,-14.6687822931929,6.68801992247535,-17.3799030352696,10.0599195592567,-7.86828797542353
1.13599228211751,27.2688335257871,-24.1468438292794,33.4794633501238,-13.5544530898035,6.96553510410081,-18.787362531214,10.3615791103158,-7.55229051214394
1.14372306591775,27.3859483488309,-24.2342902576848,33.521991160166,-12.3353592642586,6.65733854225005,-16.4269562167902,10.4965758063426,-8.47116490092122
1.15150646012662,27.4992732177444,-23.683227285495,33.5615617041846,-11.1583291483266,6.52238754407739,-13.7781035949767,10.1039483014728,-9.33113172275557
1.15934282277446,27.561967750964,-22.6540859160922,33.4996935985252,-10.2269978398766,6.43301859565759,-11.4991528118626,9.17155382253753,-10.0334317307621
1.1672325143281,27.5570609734671,-21.5734759296885,33.2955495608799,-9.64244938205121,6.37132101555477,-9.59803290514941,7.59290393508394,-10.4522121137109
1.17517589770749,27.5517438807531,-20.6229670111902,33.0807773649407,-9.28907693888033,6.55349457237088,-9.95993274072725,9.35043453203764,-11.9945519626142
1.18317333830233,27.5471578495179,-19.8620115852701,32.8560892780947,-9.16235969036399,6.74011127730154,-9.78899945430237,10.0938837800209,-11.8829091515303
1.19122520398893,27.5441787114385,-19.2743135882981,32.6229187110668,-9.25981778337581,6.9366779597961,-9.1029764913244,9.70341820531479,-10.1710461140467
1.19933186514711,27.750212674625,-18.617679531432,32.6635504335926,-9.32074361566868,7.17068407153647,-8.09377994356231,9.74150038941895,-8.02068804583848
1.20749369467724,28.0171832493313,-18.0054131684141,32.7994251279328,-9.57198317636573,6.48044770971427,-8.90213673087391,10.1130720132409,-9.96297849862526
1.2157110680174,28.2696220132146,-17.4986062028162,32.9329554069533,-10.1897580566086,5.93717550969779,-9.7113023305061,10.58494408676,-12.5058461444453
1.22398436316064,28.5064961176482,-17.1077453388089,33.0637437699189,-11.2898063218403,6.20591787543287,-9.79352120744193,10.3767933551395,-12.5610789952452
1.23231396067237,28.7275014341777,-16.8660575513495,33.2110065961855,-13.0049740531488,6.90059068508697,-9.09538311807432,10.1427680192473,-10.0160435181512
1.24070024370787,28.9440631189297,-16.8199761568465,33.4333403811961,-15.5302759737636,5.78606563335023,-9.07913397851627,9.59251405826774,-10.4343040249503
1.2491435980299,29.1586951357123,-17.0533420509126,33.6546045550563,-19.4287658714449,4.08973743673471,-9.12666811650411,9.57572918580007,-11.8708026367014
1.25764441202647,29.3715308292817,-17.6752197978685,33.8748063972929,-25.1353147071953,2.36446383526584,-8.93319458145567,9.51041895752149,-13.4760067640884
1.26620307672869,29.5829235701845,-18.8191774767152,34.0941110334894,-24.5561847599483,1.1444599939818,-8.52410268760485,9.45585453299918,-15.1797085388089
1.27481998582877,29.7653085448931,-20.6549162317454,34.2203761130193,-19.4383595949404,-2.19283328933676,-9.6531226396059,10.0898432233759,-15.2184844143266
1.28349553569808,29.9343841742855,-23.1637954496193,34.3253293260861,-16.0555167418945,-5.08636074044995,-10.5066482734607,10.8144810318866,-14.9680416809175
1.29223012540547,30.0970080356984,-25.2278316399935,34.4324693228637,-13.701207116455,-2.64545830675013,-10.3450874601948,11.2256649316687,-14.6945795545884
1.30102415673554,30.2537953405111,-24.4503256022633,34.5424549281747,-11.897743899574,1.0956361428137,-9.34643072948728,11.378492034221,-14.3762908651169
1.3098780342072,30.4230398653168,-22.1428214973157,34.6472858201957,-10.4717929764235,0.440534040529769,-11.2912446767623,11.5191986930817,-13.306669156589
1.31879216509219,30.6044656888525,-20.2857305121856,34.7447577923105,-9.38298990028585,1.65499787118324,-13.6579188732097,11.7235371928595,-12.3481674821541
1.32776695943391,30.7814043937899,-19.1965933107343,34.8410315552572,-8.64578391951642,3.76777673235421,-16.4126022869496,11.9751075526966,-11.4793235486063
1.33680283006619,30.9532476174455,-18.728373082262,34.9354922904017,-8.28109708444282,4.99641447036544,-18.3087870484713,12.1189511091151,-10.9227686505681
1.34590019263236,31.0647315592994,-18.6998035408101,35.0271745795937,-8.30364868266031,4.3961046259156,-18.8461224633184,11.980911200014,-10.2187015123218
1.35505946560431,31.0691461644399,-18.8136555866916,35.1000971238535,-8.72197670153844,4.3673771520763,-19.3645790340944,11.9550430809938,-8.78113268934425
1.36428107030177,31.0538788255678,-18.6379702171016,35.1518841111929,-9.50681968429978,4.88803136938668,-19.8450494978777,12.1571831290356,-7.13855541025981
1.37356543091169,31.0196518591891,-18.1269494177754,35.1877073286156,-10.5612304669333,4.41700972875788,-20.743470608653,11.9729787280183,-7.79103325351969
1.38291297450773,31.0282632117196,-17.4980356731454,35.1193564917908,-11.7532000157653,3.31268031384133,-21.4242239002649,11.5283150278033,-9.7540332233873
1.39232413106994,31.1467322985773,-16.9818728491314,34.8992198371674,-12.7042610978618,2.45905089410365,-21.2876972421242,10.9337812939689,-11.5071789064898
1.40179933350449,31.2567301998442,-16.8687119571645,34.7408871522257,-12.7694049803479,1.81358903670412,-20.9795826839739,10.4129171468545,-12.2117380255648
1.41133901766365,31.3565428348068,-17.2188300222045,34.6549133937779,-11.9721284091584,0.567320564446334,-24.9408237468099,9.97951692389182,-12.9450669613387
1.42094362236578,31.3524660735323,-18.0863743977636,34.5264370818966,-10.8483510550315,-0.73604060566538,-22.3745109066616,9.63449846048553,-13.7260235582482
1.43061358941552,31.1658823676399,-19.4221823437907,34.2711288714156,-9.81936803382627,-1.8269746147792,-17.9916199243738,9.29278268761118,-14.5526812306089
1.44034936362416,30.9145196659706,-20.9319838098681,34.0585917075575,-8.86132071312255,-2.74767758944023,-18.6591051884785,8.90556905391412,-15.0747312007917
1.45015139283006,30.5936004030537,-22.5320588554065,33.8868667123963,-8.04775216640451,-3.31405467436838,-18.9997487567552,8.66878827973488,-15.3096417830838
1.46002012791926,30.4992994331603,-24.1428240154991,33.6040935184722,-7.57883515347146,-3.07539458269247,-15.9057241806899,8.76905498308685,-15.4066722098826
1.4699560228462,30.5641236822938,-26.3958988623742,33.1865037591626,-7.51945625282082,-2.75824201751379,-13.6862462468293,9.02823460362953,-15.5416210613305
1.47995953465467,30.5633767453242,-30.2783957488972,32.728669888008,-7.80461565094572,-3.09512780628387,-14.5238538042532,9.06259904367664,-16.1634530486878
1.49003112349873,30.4923555911458,-33.1505520405598,32.2301594163567,-8.47000160736553,-1.71550125349876,-15.1453851146539,8.99421737365793,-16.6942668809255
1.50017125266398,30.2645825723691,-28.6267596117603,32.4464939492782,-8.81210807570301,0.313862469933326,-15.4158317225559,9.02991160013283,-17.0807518836585
1.5103803885888,30.0079651076695,-24.8916425390166,32.8576086533914,-9.43129870323622,1.31037081967241,-15.7739699510525,8.68174247364152,-17.2449763883718
1.52065900088583,29.7433315432556,-22.917035567874,33.295775869211,-10.6105048414586,2.60379251316709,-15.9424919932483,8.33995646888928,-17.3337901849233
1.53100756236357,29.5609206770109,-22.1149670542032,33.6888374908418,-12.6115491299797,3.97538527358842,-15.8606721788307,8.1151008493614,-17.3483385327658
1.54142654904815,29.7885528813303,-21.9228760865265,33.8621050667533,-15.8919825760053,4.73611919500064,-15.4550808357715,7.94980508333674,-18.0242692170675
1.55191644020518,30.102049312127,-22.6255653732564,33.9638113495108,-20.4561975154103,5.37664588428714,-14.9492878999452,7.81957256488317,-18.6071324461674
1.56247771836184,30.5079287902917,-24.3354655445703,33.9951923513323,-22.7842678686961,6.06910455657555,-14.4228643881798,7.64808999598114,-18.5005552614719
1.57311086932906,30.7020050901702,-27.4306008879742,34.0392646936187,-19.6815275260744,6.60971924232058,-14.3094899655297,7.23099132651492,-19.3740244706269
1.58381638222385,30.7282791486741,-29.1963265550123,33.9601410900087,-17.1000795171884,7.12495607878787,-14.0432957492067,6.53470628587905,-22.0605649383879
1.59459474949183,30.7375815739808,-25.7477429771659,33.6933766471337,-15.9233062180685,7.74700723905852,-13.1797156755691,5.93398552638922,-25.2865956453062
1.60544646692985,30.6793849698854,-22.2018547604214,33.3497608012514,-15.7860441473815,8.25336809448851,-13.4788050723394,5.6479065308103,-25.7918195058076
1.61637203370885,30.4076781370974,-20.0157752701379,33.4420283059418,-16.0612756099632,8.65436813259396,-15.1744918346814,5.55032765210461,-23.4911764454787
1.62737195239673,30.197144427693,-18.637577359204,33.5517004669757,-17.2292305178369,9.18049527200878,-14.7079059403649,5.48708164847483,-21.6336572803259
1.63844672898157,30.0467616971453,-17.8322557870062,33.6783226185996,-19.6146663666637,9.61990955750218,-14.5948091575771,5.18086420406905,-22.2616284857057
1.64959687289483,28.9517016917275,-18.4527658671104,33.9163568159926,-24.0661265237185,9.87823362975536,-18.0674259208258,4.58359026091205,-21.735691267105
1.66082289703483,28.1347974232911,-19.19095879858,34.1601919544692,-28.4207600966967,10.2607176613725,-20.1749073320861,4.28530449693886,-17.1666791778422
1.67212531779031,27.8184043043582,-19.7956650967772,34.378503155079,-21.141690606259,10.320579357951,-19.0596563867716,3.97270125565962,-15.6598105245408
1.68350465506419,28.1660999757006,-20.1220661515779,34.183950920216,-16.2351547608729,9.90468997716272,-18.8724480825962,3.31211888283048,-16.1347270484034
1.69496143229752,28.9048380109499,-20.4964637219629,33.608830164933,-13.5037829063122,9.79471486660765,-18.4242216143593,2.76357557119763,-14.3187155282245
1.7064961764935,29.7250965069418,-21.3014654073292,33.1237593864997,-11.6856470369014,9.44641416982012,-16.9370972146147,2.54529010438858,-13.4070214168221
1.71810941824178,30.2736963867591,-22.9514041841504,32.8363147354293,-10.3442591578358,8.31283449148958,-14.0045742299393,2.62235913393113,-13.4169681559284
1.72980169174282,30.301332137801,-25.5949340319835,32.9076190263876,-9.18458390391697,6.96364361952317,-11.4040343512754,2.97079094683022,-12.4068219306063
1.74157353483248,30.3382804255837,-28.0050808867835,32.9804831899516,-8.50434262401672,6.11269657990391,-11.0626576348046,3.00335838831791,-12.5066271127621
1.75342548900677,30.3608328871019,-28.6211100042129,33.0330344976526,-8.31590217193195,5.61088586044241,-10.308942056726,2.7027889018957,-12.6977614965966
1.76535809944676,30.0524402199433,-27.5786720274004,32.8241442945966,-8.87988137525548,5.06006387279194,-8.30795394611431,2.48860908366782,-11.7335412727693
1.77737191504363,29.719827838728,-25.9800804467074,32.742393769949,-9.83243551987363,4.19180124571676,-9.05268845322655,2.91966117316866,-13.1953809468585
1.78946748842394,29.3595943592609,-24.5878802790966,32.7225600768247,-11.2557046788547,3.20387248318991,-9.87343799313788,3.53117282011914,-14.830262888592
1.80164537597506,29.1298125878855,-23.4863564409347,32.1189655492553,-13.8204179399946,2.28276018035524,-9.65615208720038,4.12034083903484,-14.8701386673974
1.81390613787073,28.8890177851101,-22.9264911380092,30.9685093916206,-17.5229675794425,3.61956773615566,-11.2842067375927,4.26561012292456,-17.7814663470769
1.82625033809687,28.6265077903714,-22.9800588933329,29.137919748548,-22.5613311634857,4.77516927315526,-12.9101043317004,4.58666684151075,-21.421407666431
1.83867854447749,28.3005968585591,-23.7335779531336,31.0442021956591,-24.5692037888429,5.37647924532644,-13.9282341375094,4.78544973250695,-24.6984835410274
1.85119132870081,27.9288674463313,-25.2190135932871,31.672634551663,-28.5172181841027,5.11936131846284,-14.2765310701133,4.5943411216092,-30.2246828785557
1.86378926634559,27.5177657198364,-27.5069423861941,31.1580410148973,-33.4531373077763,4.86527814200468,-14.5202474295713,4.61202513885837,-44.906114815463
1.87647293690756,27.0075413131746,-30.8090348984622,31.1135082190482,-36.237674079196,4.73723031222914,-15.1596634931329,4.55997556330863,-37.8944513301259
1.88924292382613,26.4282285143393,-35.3316630049105,31.1164517687229,-38.6053670302656,4.74191072054242,-15.6742928274791,4.56192530638634,-32.1232439623664
1.90209981451117,25.8022752222873,-41.3688176763908,31.1006688005466,-34.3105047092805,4.91859068712802,-15.8076701219067,4.69616541050806,-28.5926547495326
1.91504420037007,25.6254195124661,-48.5339428088691,30.3373378746522,-27.3543154493361,6.07053471008908,-17.5535717702615,3.81439790066804,-26.4228073378536
1.92807667683493,25.4035332356603,-49.5323935078378,29.5237585884879,-22.6699205211493,7.04574408637887,-18.3593439615461,2.94408374289782,-23.7421013343667
1.94119784338997,25.167923455247,-41.9740276567337,28.8013630178467,-19.4842353669028,8.01091558469682,-18.865430284325,2.1596908844561,-23.9643974004241
1.95440830359905,25.0417975104652,-36.4195405157172,28.7037106856391,-16.8601063186236,8.97082613792412,-19.9811253863111,1.23118855519806,-25.2021594436717
1.96770866513351,24.9808044541675,-32.6057470437393,28.6182072096021,-15.203771743472,9.92917170452171,-20.4277689483109,0.0377122096403468,-23.257618132493
1.98109953980006,25.0435196504213,-29.9135512646978,28.6527439041227,-14.2993044115818,10.4401930785602,-21.593749512281,0.0955285271476782,-28.9515385792062
1.99458154356896,25.2329059061031,-27.9532974447371,28.9305003019214,-13.9224785351797,10.8618259306115,-20.0078135395338,0.114198056320276,-27.2613537526569
2.00815529660234,25.4611901411186,-26.5672583067229,29.363074167385,-13.9643508666221,11.10835185281,-19.7550043682107,-0.0467783412119616,-24.9825440788973
2.02182142328271,25.7843198109108,-25.5461868674367,29.6123297244806,-14.3029123877463,11.2126813907258,-19.8297343139579,-0.456771018459904,-23.3144520063896
2.03558055224172,26.2016953879848,-24.8071289076539,29.7653775875331,-14.1941890793121,11.44658872897,-18.1044809780946,-0.758959560022504,-20.6066436440021
2.04943331638904,26.6534240764523,-24.3732755815759,30.022773404831,-13.2531629967144,11.4347428575924,-21.4572851337044,-0.0737067163391885,-21.7490913771622
2.0633803529415,27.0316385568609,-24.3255491897584,30.3698693487028,-11.967509140374,11.4655832900154,-21.3805706680485,0.649215062491635,-21.3172362143771
2.0774223034524,27.3943424104262,-24.5368399139081,30.7588522095096,-10.8175315784241,11.3544151509844,-23.3756746048898,1.4940034970009,-22.3575738233149
2.09155981384098,27.7129644894511,-24.9196200019821,31.1482821262808,-9.99737602576187,11.2093912258731,-27.5859496168193,2.36001257029574,-23.9614103274089
2.1057935344222,27.9206231194546,-25.3883222380077,31.4642698296068,-9.59206744867532,11.1984465970169,-28.1787464428822,2.93199270235499,-21.8856014166983
2.12012411993658,28.0952618120066,-25.7004122378885,31.7319191640323,-9.551150863484,11.1496546650806,-29.9801927780995,2.95619526905665,-16.5094314253808
2.13455222958038,28.2820764435058,-25.6312496698019,32.0804117698835,-9.72369228912868,11.0502188205188,-23.9326513130822,3.21749672176924,-12.9602029559247
2.14907852703589,28.4714509468261,-25.028583476616,32.4694483770021,-10.146457775959,10.7086861895477,-25.9288105592622,2.72873024605201,-13.4163538952611
2.16370368050198,28.6468512894113,-23.8844384513238,32.8090408780434,-10.950968965423,10.5473945699579,-25.9866082304022,2.46928422771265,-11.8869885108688
2.17842836272478,28.8736927646386,-22.3461490506506,32.9236847984031,-12.4428547066707,10.3980031164744,-27.2088665943054,2.30965530707095,-12.7809628232708
2.19325325102873,29.1157259901252,-20.7802982448089,33.009849649121,-14.6487649588124,10.264100131675,-28.4887206905078,2.31500528737672,-14.0879035779923
2.20817902734762,29.3116204227795,-19.4990205030695,33.15969454746,-17.704478620257,10.1536857144409,-30.3247367294544,2.15602400929691,-15.7221236337147
2.22320637825606,29.4703191349572,-18.629935890693,33.3554839286001,-20.5310002755209,10.0960866771079,-38.2002506997428,1.63712026364021,-20.2723863239295
2.23833599500097,29.6650984682441,-18.162228656659,33.5056621891036,-18.9379502544516,10.019735721039,-40.1791101145897,1.08752799967516,-23.765107454216
2.25356857353345,30.1040599911485,-17.9326836469263,33.3571843686175,-15.7927490204542,9.85023131302688,-31.8750452895038,0.11165574574153,-31.661850388522
2.26890481454076,30.5712247309713,-18.1862870340505,33.1916988821012,-13.607424224132,9.72041721369379,-27.9170427577253,-0.839091621308853,-20.9325084507626
2.28434542347856,30.9481422881611,-19.0455456709685,33.3592996613185,-12.0683650671716,9.24882152607546,-27.0107764196525,-1.4082617314354,-19.468341628144
2.29989111060336,31.256378985308,-20.4159352930023,33.7047709733341,-11.132719560249,8.83394539094274,-24.6013524861228,-2.01000904043639,-16.3473131877051
2.31554259100517,31.5678427999483,-21.9354964311253,33.9657548304161,-10.9412832831571,8.30012939816208,-24.7895552963323,-2.55365148640851,-16.3529195335689
2.33130058464042,31.9059848807573,-22.8526570245429,34.0359823829968,-11.5490744221179,7.74040541532167,-24.3186925100667,-2.8734991644962,-15.811036301852
2.34716581636509,32.1971067091579,-22.6268436950703,34.0943218462831,-12.7805627592016,7.11815476146216,-26.6162612863827,-3.66632738162906,-15.8654878368015
2.36313901596801,32.4230021631611,-21.7355268289699,34.0613319290192,-14.7831199124767,6.40906304668255,-30.9563596894448,-4.25037137544143,-15.3590603676578
2.37922091820444,32.5811369535286,-20.9574673523871,33.9746856275002,-17.6626023886602,5.50092165115615,-39.4745895087241,-5.20328619076076,-16.0872732648049
2.39541226282992,32.5816761160019,-20.7729195822468,33.8883302051614,-21.2924633495768,4.35264602251385,-39.2560820725058,-5.95630852654023,-16.0280875677495
2.41171379463422,32.4435528766062,-21.3223252995071,33.7863457902772,-23.5256502097543,3.31193876097382,-31.5134411512191,-7.23403773788198,-17.1025955706434
2.42812626347567,32.259356297369,-22.6436648007253,33.5631216329907,-21.8623672287015,2.33926865032868,-24.0799781639827,-8.3278936983952,-16.7812070404025
2.44465042431559,32.0578568041238,-24.9321588630327,33.1151245825944,-19.9153673358573,1.65939338582359,-21.8569712824336,-9.44601464664714,-16.8130637861603
2.46128703725306,31.8125878046331,-28.7623136703556,32.6035923465001,-19.0547242739208,1.39563581664737,-19.7845622700569,-11.2284526287189,-15.5471951544111
2.47803686755989,31.4216850899264,-36.0009454347636,32.0172359641816,-19.3403395477696,1.47683413089942,-20.458967408849,-10.805310798205,-15.0687553382987
2.49490068571578,30.9826132658224,-41.1902039593334,31.3795604719776,-20.7788724107012,1.72705420274701,-22.9008705920218,-9.94673021660361,-14.3043377103124
2.51187926744381,30.5198709643712,-32.8220991343078,30.9059761409914,-23.4695607751667,1.71638866051387,-25.5206488341508,-8.45678845624349,-14.4216517894766
2.52897339374607,30.006029780682,-29.2121201051647,30.476899540226,-28.7883256590363,1.57554116036459,-30.3704479044731,-5.88534703148076,-14.7362831645727
2.54618385093964,29.5097688959768,-27.4500394017734,29.9524930985369,-40.3635368971584,0.92651200655547,-25.8350555169682,-5.54541310015952,-16.3198910401262
2.56351143069273,29.0692357298058,-26.6607242300415,29.4192470567082,-29.3019152923509,-0.141908453643339,-20.9192057552855,-4.64866161143397,-18.5108812746075
2.58095693006108,28.7000689826394,-26.5563436917554,29.0547860386305,-24.2922612690099,-1.69262582892458,-19.2015924005579,-5.53836287891863,-23.6156570401675
2.59852115152466,28.4896461098276,-26.9668848413189,28.9359388748557,-21.9209380135282,-3.72751159991003,-17.6646241677342,-6.37852809630346,-32.3196917022753
2.61620490302458,28.584382245584,-27.6946076058342,29.0490152304266,-20.9252113256208,-5.47128701857281,-16.7736553154662,-7.03208747503612,-27.0422013832275
2.63400899800021,29.0120799031785,-28.5913225690565,29.3608706836703,-20.8622355114284,-7.1875504687842,-15.5817905770551,-6.68203899711017,-19.2540500709661
2.65193425542667,29.6512745092135,-29.5720312449725,29.8382697249592,-21.4799608553002,-8.15196164463509,-15.3325669528672,-5.80875162480999,-18.3917886175892
2.66998149985244,30.4526176452339,-30.3600338183105,30.4540664232782,-22.5489880911418,-8.584221911388,-14.8001735250886,-4.23370340137308,-16.659987478067
2.68815156143729,31.2528522727395,-30.683290838621,31.0999361993797,-23.8338577521477,-7.55210058547539,-15.682850921071,-3.18793229366082,-18.3712939096594
2.70644527599054,31.9945829856017,-30.2669175419734,31.8311262254086,-24.6645860357731,-5.92099397718795,-16.0732254206107,-1.71740057318493,-19.7076378853318
2.72486348500941,32.6474545937672,-29.1634608038493,32.4929801508931,-24.5630388625631,-4.17566299620893,-16.6168555716194,-0.576096705118459,-23.0548355649736
2.74340703571779,33.1602868748292,-27.6929637153166,32.9546149423179,-23.7753835632964,-2.00424403341611,-17.4526519699166,0.749217293609661,-27.6444501784763
2.7620767811052,33.5728072208032,-26.0953932023982,33.3434655492213,-22.806946964618,0.121638123604498,-18.9232917593522,2.17104216531925,-32.3788355428267
2.780873579966,33.8486053614905,-24.6144521623895,33.6509567517384,-22.0725588609872,2.48540574944576,-21.644426912831,3.64087003330508,-25.3837169330004
2.79979829693894,34.0306139586111,-23.3490151112514,33.8845010728808,-21.6623601895765,4.62163445252344,-26.6678710168657,5.2147269959296,-19.6883581701775
2.81885180254689,34.0845064609882,-22.4482451224011,34.0294776779828,-21.5232153494241,6.5518625689935,-27.0783989344334,6.20683631140304,-15.7949869198256
2.83803497323691,34.0465469383881,-21.9504310179711,34.0667766784799,-21.5358349317592,8.11376958452763,-24.377740213515,7.27191451145598,-12.9348799492013
2.85734869142056,33.8923047860472,-21.9000890958049,33.9191683892803,-21.6424887280249,9.30586279617933,-21.3682832468517,7.71891188487285,-11.5396451008487
2.87679384551448,33.6857076281926,-22.1777720153634,33.7313898565009,-21.6284059265543,10.3185206081859,-20.4178029459206,8.2218660001933,-10.7525446599728
2.89637132998125,33.4841770564632,-22.5981748680014,33.5900114441149,-21.4374734066276,11.210549773257,-20.5624957538166,8.73614444773932,-10.5358912661135
2.91608204537059,33.1691372250849,-23.1097411044476,33.3663170664522,-21.3015231762118,11.9596155711368,-21.4358440632473,9.25304952647605,-11.6354431376633
2.9359268983607,32.719692558216,-23.6039756196769,33.0718927323744,-21.3311340412611,12.6973978917331,-22.5736333334559,9.82648952165499,-12.8628775831103
2.95590680180003,32.2666621797821,-23.9741374391007,32.6554592351348,-21.7138230407285,13.1662672936728,-23.94507685092,10.1889401736927,-16.6069836461967
2.97602267474925,31.807385070873,-24.385388678329,32.1090062190867,-22.6409867540044,13.5833740235381,-24.6398523511467,10.5410154770414,-22.1524990466697
2.99627544252353,31.1845585653588,-25.1280334681822,31.3751264088228,-24.47924825466,13.9901990046005,-23.5610805242316,10.859508214435,-29.6324887345529
3.01666603673509,30.4206404564721,-26.0796912965431,30.4427954833684,-27.9340749894884,14.3096268164357,-23.6863508495862,11.1626463408846,-20.230223953932
3.03719539533606,29.5233656972978,-26.6986970718875,29.3549443636172,-35.5170671584774,14.6322499025848,-23.2971348802108,11.5643354169269,-15.3931175362869
3.05786446266164,28.4707660393418,-26.3770912082362,27.9954233342856,-40.5979341816706,14.7115300403593,-28.7400818557102,11.9056562285468,-13.2547880282192
3.07867418947353,27.2679018678673,-25.351970678422,26.1410830560138,-30.0314397245389,14.7545264054551,-35.6747313533543,12.1215606183385,-12.0151654734658
3.09962553300364,25.7507399618428,-24.4903082574496,23.661542265423,-26.4477368160717,14.745998358721,-28.4043287951194,12.3494747396761,-11.2109792526032
3.12071945699816,23.7573638394526,-24.3775966423577,20.1285401453007,-25.2671986767036,14.4701308075247,-24.6319570879764,12.2746254419571,-11.6030552645897
3.14195693176189,21.5752497579599,-25.0615489174477,15.04693844481,-25.7994309481451,14.2168642372761,-20.5563467427642,12.2603421917946,-11.9627077205137
3.16333893420282,20.0249168343028,-26.668725836995,14.2056425008187,-27.9410281516942,13.7933995747599,-17.940710499653,12.2260584462131,-13.0643432570215
3.18486644787714,20.5873021261672,-29.1518770682682,19.3579667284962,-31.3365880862751,13.4022699017128,-17.8976572504673,12.1077624665232,-14.5598020427498
3.20654046303443,22.7388609210701,-32.2742924287043,23.2689781736486,-33.9121994178328,13.0646668122862,-17.1699207493329,12.0770863261525,-16.2139729608635
3.22836197666323,25.0865721122399,-33.7236054553839,26.2181703396627,-32.3616720913876,12.6120200613166,-18.4409524190057,11.8932028238011,-18.0627628142675
3.25033199253691,27.1419927671301,-31.9006240528615,28.4837873540408,-30.2736858631663,11.9622294068859,-21.3472647183444,11.6714072556732,-20.4335371911174
3.27245152125982,28.8406656482078,-29.8340656183377,30.2001354575976,-29.3012398976374,11.2439159552956,-26.6067879235125,11.5147228124082,-23.2510687387003
3.2947215803138,30.3853822328234,-28.4604900017779,31.7313380764713,-29.0395759002935,10.4001557646112,-43.0585193992783,11.3863766814508,-27.5259022893563
3.31714319410498,31.7782765875477,-27.772159525275,33.1053046503139,-29.2924958899549,9.37136799630861,-29.7320458928579,11.2178194853774,-31.4846085575613
3.33971739401086,32.8241772442045,-27.8333170406069,34.1836750324322,-30.1566665566362,8.18187527082256,-23.651207489337,11.0948553000093,-34.1597075251614
3.36244521842783,33.708540246466,-28.3302088131049,35.0807648110811,-31.4862304242045,6.46525280488089,-22.106428676915,10.8986171130013,-31.1465133861243
3.38532771281887,34.5710167096832,-28.984802579826,35.896835622583,-32.610937342292,4.55778941881306,-21.5028489018512,10.7148159089827,-28.3656933475289
3.40836592976166,35.243094714761,-29.785868028232,36.5735019216112,-32.1176415976341,2.62247997853058,-20.8076207600072,10.7034922305769,-25.2133514806193
3.43156092899703,35.7615856109351,-30.5014537953452,37.1329151126666,-30.0788880359938,0.814007416368497,-19.5746594720155,10.745991025911,-22.1906920577115
3.45491377747763,36.1511082493665,-31.0084498726217,37.6323562837047,-28.0160309485188,-0.709579218332749,-19.4963298379912,10.8117203887936,-19.9157739558166
3.47842554941711,36.4433860388194,-31.3887126407589,37.9581611626854,-26.7052949735444,-0.833903075957892,-20.429338665064,11.0808770577662,-17.1543716329242
3.50209732633944,36.6475211497995,-31.9018690612646,38.1216477604652,-26.2266710219557,1.02389071421459,-21.881103663015,11.4016449569735,-13.567991547159
3.52593019712872,36.7870201400699,-32.7607020895488,38.4005890110886,-26.3202367467399,2.47099834405526,-30.7516988669003,11.5011442629177,-12.4798381833166
3.54992525807925,36.8902269239861,-34.0357271567542,38.6012760306422,-27.205875978113,4.08500045199736,-33.6692522320224,11.6334045324664,-11.3541319338721
3.57408361294594,36.9713763537509,-35.5182675559852,38.6862199675136,-28.922239519342,5.58825575585632,-22.895227252675,11.8317066995675,-10.4072104787283
3.59840637299512,37.0330669825527,-36.3406482240962,38.6489688335855,-31.289087773958,7.02958964062054,-19.4400806930118,11.8876373960489,-10.201912679642
3.62289465705563,37.0609949624221,-35.4840629718406,38.5428197458374,-33.2909949475821,8.3173921312212,-18.9033328622511,11.9074350825104,-10.2246573113764
3.64754959157027,37.0539329572999,-33.6320000337523,38.4140075090378,-33.488332100733,9.43058331887443,-18.5610400490258,11.9496777986481,-10.2074980335889
3.67237231064765,37.0629623205139,-31.8725813221212,38.2900563957558,-32.5598800212537,10.4125536773681,-18.8789885825063,12.0574436689146,-10.1657150357845
3.69736395611437,37.0468193241865,-30.6479901120486,38.1324876155584,-31.9022857059562,11.2632507449143,-19.3436260117416,12.0739019858337,-10.3536751281801
3.72252567756747,36.9896755700462,-30.0238845296522,37.9719803377115,-31.9928688040221,11.9495682044931,-20.0078713837436,12.0567119491355,-11.3736357804696
3.74785863242741,36.8590049852145,-29.9794573766807,37.640733974542,-33.294681735179,12.4779922718882,-21.2134086321657,12.03691552377,-12.981914543475
3.77336398599122,36.7068895226646,-30.3291798424916,37.2306237072975,-36.4457909645025,12.9121754514416,-23.8268735168035,12.0152852402073,-15.6825051134063
3.79904291148614,36.590607394564,-30.7923151546595,36.8087774533839,-44.2614674421946,13.2309506045405,-27.9552773595989,11.9341402619071,-20.8231910160563
3.82489659012363,36.2971748573125,-31.3165686809625,36.2897259622076,-40.2263766266559,13.5299110016575,-28.4545312155685,11.5777555555768,-28.868090977399
3.85092621115363,35.9261517942632,-31.5633291362346,35.7480221650203,-31.8144223084882,13.7859970829323,-22.0652928745484,11.1639202273523,-29.8658873586368
3.8771329719193,35.507801055809,-31.4348319993151,35.2297021557802,-27.0537262313556,13.8625249152819,-17.4790478551299,10.6915749096806,-27.7839988514228
3.90351807791212,35.1118092718245,-30.9898563449023,34.5714982426001,-24.0349464494217,13.4884157020971,-14.4944304352088,10.2891412215463,-23.5388515488052
3.93008274282728,34.6966981265015,-30.4645544141392,34.0397147131615,-21.9325613076162,12.1827332832101,-14.0467661996963,9.94300700968427,-17.5370995643499
3.95682818861959,34.3049051964111,-30.0274479077661,33.6724903463747,-20.5476566890698,10.7932258881313,-13.7255690949556,9.797228590256,-13.9305485636648
3.98375564555961,34.0145104044259,-29.7603860422722,33.4462507642534,-19.8670898306147,9.75106683077843,-13.6126694579759,9.71572193103981,-12.0262468348528
4.0108663522903,33.8624461232466,-29.7019931158594,33.4413265575026,-19.842317313402,9.38019921269779,-13.8671415633007,9.73569226807899,-11.0024815780412
4.03816155588395,33.8973616497512,-29.8146284320687,33.698653213774,-20.4816098480016,9.22843188977828,-14.5859935681738,9.97253133264581,-10.843464632908
4.06564251189959,34.1503361626204,-30.0816216602782,34.2136543691469,-21.8241800533133,9.23286991048786,-17.5106546439602,9.80057000650777,-12.3085457074549
4.09331048444072,34.5475863472747,-30.6018328253055,34.9051081384238,-23.9345024606208,9.32722443956493,-21.4354080671413,9.54732110690219,-14.1846334610516
4.12116674621345,35.1580948492291,-31.2421953737634,35.7709978630159,-26.68568987347,9.33617993756707,-24.7784213237608,9.52827684985346,-14.6322143781827
4.14921257858506,35.8843885962234,-31.7964716594785,36.6798545730784,-29.557556279027,8.97066323135141,-28.2057759071688,9.82299027743011,-13.2963180029507
4.17744927164295,36.6271165263918,-31.8889601722695,37.5290605381637,-31.0537209364119,7.78038360925285,-28.3528202288727,10.3501134630407,-11.5029614993883
4.20587812425394,37.3807493193568,-31.3607890672803,38.3624799659326,-30.8693785375467,5.4473605103309,-22.6818861356632,10.9946247781446,-10.1748735155868
4.23450044412407,38.0802602233007,-30.6664372116693,39.1273093882644,-30.7295648091463,1.90195044894222,-21.2992197987008,11.1873954533049,-10.0932798768077
4.26331754785872,38.743092470646,-30.2561492039331,39.8166108168247,-31.5434693314466,-0.937101556528546,-24.0911256788089,11.1994708423493,-10.8244194637414
4.29233076102319,39.3777668550003,-30.4241900228571,40.4311415385413,-33.4477826762804,-1.98420019080305,-25.9761512264516,11.1186476253331,-11.5135008815885
4.32154141820366,39.8615563824696,-31.5388736592544,41.006378252685,-35.045706632453,-1.42602935116042,-21.1442498625885,10.920654852924,-11.8538546898257
4.35095086306858,40.3138516832734,-33.8097612640724,41.5268846031815,-33.2628134541093,0.412940068622618,-17.5231160787756,10.9677471657046,-11.8073653182115
4.38056044843051,40.7470337566669,-37.7658566978883,41.9771431646276,-30.1487538728001,2.92344727296262,-15.293408352962,11.237652987713,-11.9675840338523
4.4103715363083,41.1439766137569,-42.4850536853562,42.382308860179,-27.8367544273406,5.09993034303454,-13.9570159825654,11.7212348878005,-12.3392590670645
4.44038549798979,41.4830657132825,-39.9329842854078,42.7790258705335,-26.4683876465423,6.75211288016584,-13.8845431403386,12.1863117327736,-12.7665013223848
4.47060371409482,41.8337766983151,-36.4758953060186,43.0955418983356,-26.0376525011402,7.9036872020497,-14.7338135452389,12.4175983160055,-12.6616915573408
4.50102757463883,42.1016432314943,-34.9983802152884,43.3799408604991,-26.4831518376174,8.96295111203108,-14.9562256428774,12.4338323001269,-10.7878913546299
4.53165847909673,42.3284856962513,-34.9157430693136,43.7052565692695,-27.8620472146234,10.4667136095874,-13.8959027257024,12.729588469486,-9.21273371197515
4.56249783646729,42.5591877993854,-35.7261762070153,44.0446023536305,-30.6290246668565,11.8832568354746,-13.6633403000164,13.2354540259096,-7.85026705912054
4.59354706533797,42.8281105147954,-36.838583748493,44.3772053589774,-36.1061713019384,12.7556149484136,-14.5655744302321,13.8814017872128,-6.9047568907236
4.62480759395015,43.1282125971154,-37.4717566815771,44.7536442239078,-45.7298486870307,13.2637915349029,-15.6255601214474,14.0821469360506,-6.24172279274825
4.65628086026486,43.3633061880851,-37.1834232590273,45.0730849668235,-35.7329056967669,13.4977917565592,-14.6014443917563,14.1240522120205,-5.86351506697667
4.68796831202889,43.6212439693148,-36.2083801544915,45.390417511735,-30.9448314487661,13.5715134108997,-12.6593642402303,13.8859165177852,-5.97889749481772
4.7198714068414,43.8970043990413,-35.1701150424296,45.6742422258364,-28.7313270421041,13.5850750726364,-11.8850623417462,13.5121276225887,-6.78477039671372
4.75199161222097,44.151763665164,-34.3978024938302,45.9619743758461,-27.879459776584,13.5061514048602,-12.8666402886876,13.390117030419,-8.40071096986429
4.78433040567312,44.3645019931966,-33.9349224359937,46.2220293444172,-28.0075835670999,13.424734117491,-14.8500121235957,13.3112998351494,-11.2569532454388
4.81688927475824,44.5399384669875,-33.6674843651122,46.3870247029731,-28.9033078139168,13.4899850343013,-15.5182689497811,13.4020447912174,-16.2182578135064
4.84966971716005,44.6883606827884,-33.3884662187703,46.5418606813412,-29.9877072480569,13.3883199940844,-14.3830446432364,13.1065336090167,-24.574035105396
4.88267324075447,44.7700818312877,-32.9745459707444,46.6481752041122,-30.3098132940996,13.178967643709,-13.9089978194607,12.674251584613,-19.146291813937
4.91590136367897,44.8423762567755,-32.3361566503673,46.7157766711454,-29.4059927838716,12.6579509023904,-15.0245805297512,12.0514775256449,-14.8536591101198
4.94935561440246,44.8453430403691,-31.6417973760103,46.7272256821248,-28.1853032446123,12.2758243526928,-17.3044301643595,11.6236421014179,-13.2597423279411
4.98303753179553,44.8347461316214,-30.9955486273847,46.7049214157811,-27.3877289532923,12.0011882193335,-18.4570148559543,11.0948923972284,-12.3909713661245
5.01694866520128,44.8370671876398,-30.4844136492478,46.7110661341371,-27.1779835920302,11.9634453792535,-17.7041822914605,10.7049920471311,-12.2476548425798
5.05109057450658,44.8289585447047,-30.1653738577825,46.7312054823935,-27.4657423709349,11.8271187718322,-18.0544334964395,10.5547555683559,-13.2912157660195
5.0854648302138,44.8209781076367,-30.0074592913283,46.736257514213,-27.8237675819655,11.6919807758408,-19.9974924049733,10.4756372231119,-16.3384001593141
5.1200730135131,44.8414817066184,-29.9421443646447,46.7530371169296,-27.5304375185819,11.6581250234167,-21.5254569680781,10.4395430397199,-19.501522354429
5.15491671635511,44.8519369593841,-29.9846623277538,46.7870068576475,-26.459270321054,11.9973034233062,-20.5359669920839,10.1693327263538,-15.2319961977518
5.18999754152418,44.8398010161572,-30.1468518611249,46.7929465764564,-25.3150287005729,12.8446915671512,-19.5663671595331,10.0776855462335,-11.586410406718
5.22531710271214,44.8294549995648,-30.4291171012328,46.7800388358198,-24.6787695141702,13.3637128663549,-19.213353995685,9.81125354530974,-10.0026458342393
5.26087702459248,44.766404604727,-30.9090112951883,46.7356875188405,-24.8268452689388,12.8614552386824,-21.210897206458,9.7715080550775,-10.1722664130398
5.2966789428951,44.6975467090865,-31.5423591375182,46.6586495987375,-25.7767695200509,12.3502869669119,-21.7818100133061,9.47965014690755,-11.5943355409352
5.33272450448156,44.6420963661877,-32.3045037773907,46.6298220072613,-26.9218260116263,11.9890100931393,-17.8142502784685,8.94759826225584,-12.9450294598686
5.36901536742082,44.6165873005344,-33.1894215307146,46.589644724529,-26.6951441929688,12.8414441189757,-14.6358576088751,7.62352601186842,-13.2418808388598
5.40555320106554,44.5429208611752,-34.291943472557,46.5500236772313,-24.545336874075,13.0467893881903,-13.2668724250219,4.64926810426408,-14.8617842294606
5.44233968612884,44.4831633417679,-35.4659275741048,46.612813875544,-22.0194251867396,12.3008479874016,-13.0750985353572,-0.746193100424705,-19.4743607286065
5.4793765147616,44.4583034086313,-36.2988784353162,46.5872021152507,-20.190579154001,12.2287018986091,-14.1607988795823,-11.3412685111019,-19.3029233133743
5.51666539063035,44.3954864539282,-36.2987180955357,46.6045422325085,-19.035768088642,10.1810727743608,-14.012058976354,-8.40887954136389,-16.513830601267
5.55420802899558,44.3261332916441,-35.4554263679404,46.6486832153677,-18.4947382308562,7.01111888517079,-13.1603769790023,-2.40262552395956,-16.8140660267729
5.59200615679068,44.2358633908386,-34.424289885883,46.7320670805418,-18.4542622338654,6.29711611447874,-12.4585749460006,1.91611872785046,-19.2191304927765
5.63006151270135,44.1945380459409,-33.6411678383303,46.7132619484776,-18.9704415249319,8.4775931105961,-13.0766958782452,5.75181117216528,-18.6022611822999
5.66837584724561,44.1741853363347,-33.3433435477302,46.7844682821117,-19.7508997034925,9.30701052633935,-15.4429070559773,9.36131137154712,-15.793498292121
5.70695092285429,44.181306285979,-33.5539871231255,46.8322275855141,-20.7597972895712,5.87477197106267,-16.2750032145098,11.7236434753857,-15.536873926749
5.74578851395211,44.2137104243586,-34.2078145574515,46.8975304660047,-21.7336108654783,4.65132373368863,-16.4241587649449,13.3978167962142,-16.3566610690102
5.78489040703934,44.2350355520525,-35.1903407191719,46.9083323355461,-22.507828969195,8.59643314829799,-17.1515496606609,14.2881400259666,-18.9385442572074
5.82425840077389,44.2894105555553,-36.2185412170267,46.9157995447607,-22.8872004133912,11.5340341792037,-20.7148244893502,14.4866628043295,-20.8866466771477
5.86389430605415,44.2691920766349,-37.1756920188608,46.8797210214359,-22.9699513037909,13.4497996812389,-24.5908436484889,15.0711592394106,-22.5727512406562
5.90379994610222,44.2289049808155,-38.0645194668793,46.807155447337,-22.9616206805205,14.3949582008851,-24.8731638663544,15.3968796234585,-22.7744484154865
5.94397715654779,44.1967435294393,-39.247299582232,46.7254121389583,-23.0486048117909,15.3458909145303,-24.2361839912316,15.3443128405974,-21.0054116557248
5.98442778551261,44.1097481376727,-41.151764285229,46.6827212678054,-23.3125097501214,15.7577342558475,-35.1539038210607,14.4912147233572,-16.6590311430165
6.02515369369547,44.0586907241571,-43.4411339590892,46.6307048266427,-23.8128036466096,15.7561286354237,-20.5254139626181,13.5860011130465,-13.3607906414306
6.06615675445777,44.0163819645798,-44.0006183841246,46.5721089436605,-24.38266022394,15.3812717807689,-13.9701317174824,12.1036336747589,-11.2405553236909
6.10743885390978,43.9930898001411,-41.9436399106963,46.5782502643647,-24.5603886636154,15.1491030532685,-11.1807404690605,10.6961457856147,-10.0013906834641
6.14900189099728,43.9559035973795,-39.9363551592901,46.5568121411687,-24.0629222049459,14.5413636133613,-10.6162007394688,8.47152687453428,-10.2487232126294
6.190847777589,43.9574958810983,-39.0051669948769,46.5653350055364,-22.9188635184383,13.7053208059161,-11.0907368288933,5.1774770612804,-11.7271832308543
6.23297843856456,43.8830959694952,-39.5453607886224,46.4395359871601,-21.7290963349732,11.9405578314832,-12.3079344958892,1.75890286839865,-12.6593204270866
6.27539581190294,43.8332226543209,-42.0348733597248,46.293807894421,-20.7409762198208,9.92489594754386,-12.8603008246454,1.58499404309515,-10.9972630811028
6.31810184877172,43.7130824851102,-48.9936414558658,46.3062251505122,-19.959040416503,8.87183465449715,-11.6976794993844,5.25325698417527,-9.38089611047531
6.36109851361675,43.6505792523602,-48.9734268956861,46.2300201068549,-19.7123707265943,8.85428896205758,-10.214439523323,8.81074552112329,-9.70920192952133
6.40438778425258,43.5879185279487,-39.8016646108627,46.2391614335165,-19.8669039791979,8.56969778969733,-9.97733385208085,11.6592936844044,-11.6675266248421
6.44797165195339,43.5524096440869,-35.2513742009122,46.2914692597843,-20.4929836899285,9.49260192838187,-13.1217231103718,13.3435546243006,-14.9512228894903
6.49185212154462,43.6119477223641,-32.4353667392099,46.3476356800184,-21.6548655878041,10.3089086830399,-22.4252365009133,14.2514757356047,-23.4121520731292
6.53603121149516,43.599074323714,-30.740113986311,46.3511266440702,-23.3438130792451,11.7185266863675,-21.3212075986094,15.0006729140672,-27.138490539483
6.58051095401023,43.6033587972686,-29.6987835370954,46.3436655802296,-25.1297906400821,10.8903374523565,-15.307249694596,15.2036067296476,-18.5614710193158
6.62529339512483,43.6023472038762,-29.0906306969115,46.1898456815883,-26.2092122877946,8.52181371336474,-14.9621086079571,15.3708932086424,-14.8671095751209
6.67038059479788,43.5660385169189,-28.7764421096754,46.1525515623675,-25.7217380850128,6.84694858059044,-17.7181574028014,14.9028181348946,-12.4542090693808
6.71577462700695,43.5078630439033,-28.6177429344395,46.0574149025567,-24.5028595449786,7.87485449211738,-20.0430921548133,14.2090957740687,-9.62419510349332
6.7614775798437,43.5756187694998,-28.3886281804364,45.8879603008648,-23.3209328370157,10.1798317329241,-23.0913601973196,12.905084739817,-7.69054281613177
6.80749155560989,43.5400338151666,-28.313318685891,45.8246734027386,-22.2535704748561,10.7972441093366,-25.739529947377,11.4305644585917,-6.37102014623264
6.85381867091413,43.4833145362043,-28.3687428447699,45.7337529392075,-21.4445241496644,9.62927100885361,-23.7065344543159,9.40310187535215,-6.40131335489752
6.90046105676918,43.3837253286311,-28.6484136863803,45.6579827881763,-20.786506565327,7.23178311189531,-24.1747847999501,6.89025597736605,-7.01957185650775
6.94742085869004,43.3336265956099,-29.1100490541425,45.5162880070249,-20.3160495832414,5.69547097438476,-28.1343164109125,4.93503455844069,-7.94516561363093
6.99470023679259,43.1639886234796,-29.9524417355506,45.318909283974,-19.9909227253687,6.73701414060804,-30.9495869544983,4.51820452902211,-8.69941668261072
7.04230136589298,42.9920824066562,-31.0366495862074,45.1538622111537,-19.692891503612,10.1074188213371,-24.695619418718,6.5800535473773,-8.54874791972435
7.09022643560769,42.9413377791992,-32.1165725172165,45.1862733395723,-19.2338959281117,13.3775024461044,-18.464857092961,9.45069549042807,-6.32591622827624
7.1384776504542,42.9194072126205,-33.0550684570226,45.1315392588551,-18.9049107486794,15.5306761787453,-16.4155781395498,11.7063068270795,-4.6754679359114
7.18705722995244,42.9078989544647,-33.7132130845949,45.2488059752023,-18.4817538352076,16.6814767099773,-20.0330219788197,13.2224955432445,-5.33264075524403
7.23596740872685,42.9102301436172,-34.2215241724389,45.1869037408646,-18.3627113687684,17.8143722910511,-19.9021918876309,14.8585116684802,-7.52688254305383
7.2852104366092,42.8826749675645,-34.9797461417079,45.2565503485835,-18.2661724226266,19.9225311077419,-13.1350799858889,15.6380663995727,-15.1080920861119
7.33478857874208,42.8707269742137,-36.3387930229321,45.2432410590417,-18.4044412102094,21.6936879465228,-10.6456100134004,16.2406133075946,-26.8326196291249
7.38470411568308,42.8794217561204,-38.7034701525887,45.173343331579,-18.716885171108,21.8108172483382,-12.0578790914651,16.6821951518993,-15.5402552528819
7.43495934350969,42.8447498378173,-42.6943577536116,45.2522383994838,-18.9318867731296,21.54410357963,-16.3557797220154,16.8602127232267,-14.8185830716161
7.48555657392495,42.828238021014,-47.2369455441569,45.2157878073154,-19.2251494406815,22.5264469662709,-16.9406528309626,16.8377800939277,-16.8882354330383
7.53649813436373,42.9333458897792,-43.8355647270036,45.2915588566869,-19.3110026545647,23.0201233392352,-15.93420844747,16.5849660730749,-9.70522674220535
7.58778636809986,42.9537401814357,-39.3992729197195,45.1484032666538,-19.5465993234075,22.6676035539898,-16.0489937940453,16.5208885596657,-5.26096328386956
7.63942363435385,42.8820868157958,-36.6028741591816,45.0832170059952,-19.7362470383086,22.3969897797316,-13.7056232823262,16.6201686737049,-2.89182678020393
7.69141230840149,42.7471698263662,-34.8312566054771,44.9295423515489,-20.1541612602842,22.7284687181287,-11.762707950365,16.1456195661686,-2.96219946822816
7.74375478168301,42.7107378302042,-33.5655061663641,44.8987616114439,-20.6723090895686,23.2498879555301,-12.138322577401,16.0275191724942,-4.03755214056605
7.79645346191319,42.6903471596042,-32.7418516049605,44.6657901208618,-21.6464680629801,23.1271470132741,-14.2460630426107,15.4725558979716,-6.35713569279255
7.84951077319205,42.7244260464978,-32.2776191992921,44.5827332170704,-22.6835884693179,22.3600929625156,-18.2782443299589,14.9041338733097,-11.4401177950692
7.90292915611636,42.6399317393069,-32.3453734909937,44.6397893952291,-23.6922341184562,21.757337893235,-22.3303995702934,13.9948849489828,-20.6493308911018
7.9567110678919,42.6448949347035,-32.7474134616923,44.5171278922016,-24.8697683333002,20.7474177839342,-22.0425319519438,13.3259931130528,-8.31079368764614
8.01085898244656,42.5268722107057,-33.6993320836235,44.3724627733836,-25.9744113469454,19.4328454638659,-32.3162093829445,12.0640998693009,-3.41360617478978
8.06537539054404,42.4971633721981,-34.9818173762673,44.1216786828207,-27.0928069369268,17.8218054876479,-22.1737335416116,9.68343334081209,-2.03335613220469
8.12026279989849,42.4145937842024,-36.7870011115078,44.1216348412399,-27.9467304766965,15.9453592608758,-15.9350975918937,6.88289668602579,-3.13867384573535
8.17552373528982,42.3729843948269,-39.332669253709,43.9453987874254,-28.9564063865595,14.402390198114,-13.445887454518,4.23371633967315,-6.76962657923366
8.23116073867988,42.3615298089065,-43.8637449792797,44.0405434738998,-29.4903502120121,12.9006403990124,-13.7361509627017,1.84862323908425,-12.9893550516891
8.28717636932937,42.3260852308393,-57.9849229486514,43.8142427146173,-29.8596684629604,11.9445302578828,-16.6498519551536,-0.452211454186909,-14.4695510378217
8.34357320391553,42.1642257451848,-44.192490212332,43.6608960050215,-29.4538825117199,11.690961523225,-19.5914965257609,-0.0364928185688314,-12.3989168404811
8.40035383665074,41.918158574049,-37.3903444981136,43.5377313135047,-28.2545068683403,12.1043093845319,-17.6643443717784,2.45804573459583,-9.74510037598725
8.45752087940178,41.8108395388949,-33.5075588594553,43.3156837848719,-26.5485731248104,13.0685083363175,-17.067098483653,4.56870689643023,-7.07558406087082
8.51507696181001,41.614233467279,-31.1355446456346,43.2508433880548,-24.4930562472389,13.9399595754962,-18.3554900370993,5.77516054320165,-5.31453996840179
8.57302473141233,41.520080794891,-29.5922760238925,43.2200116410677,-22.6234572040386,15.0006931771335,-20.5887269219565,6.38333702640642,-3.72985605208299
8.63136685376296,41.2593448329327,-28.9261298983308,43.0206059753728,-21.3780959079749,15.8723802458409,-21.9933201717611,6.85177064327553,-2.05564850877187
8.69010601255602,40.9740251773487,-28.8723369724541,42.8776842150208,-20.6339496601224,16.8926069058718,-21.5303002285048,7.12690279466494,-1.97174131375527
8.74924490974906,40.7566708710621,-29.2765315756295,42.7896359960611,-20.4300080075845,17.6072250361215,-21.2551327967555,7.04976090809464,-3.63711902308819
8.80878626568727,40.74204455786,-29.9731506321294,42.818898948805,-20.7571387180675,18.4224087378295,-18.0395560513522,7.63967815133776,-5.76096946437798
8.86873281922867,40.8867967152324,-30.9895591734744,43.2226147352364,-21.4727659437719,19.0310516749772,-15.223487981785,8.31202975813937,-6.33613105631326
8.92908732787,41.1533501143575,-32.360292291687,43.171935271349,-23.6635774834243,18.5302502982309,-14.3989686307815,8.41019934934246,-6.73113515239305
8.9898525678737,41.2690820001462,-34.3915686714503,43.3400908476001,-27.3147807942638,18.328582469349,-15.5412884081445,7.93322062660735,-8.03939907287167
9.05103133439553,41.2598325080102,-37.0818412983419,43.4001150149877,-34.0558322884919,17.9295528077193,-18.2749997587306,7.64364899889279,-9.14818927319749
9.11262644161314,41.2007352567541,-40.0734194279755,43.1138200517239,-32.3585725775562,16.6899793286736,-23.4695799772531,7.12585352067282,-10.640470038473
9.17464072285557,41.0880932467848,-41.8345084592427,43.2879938831663,-26.0528640149269,14.9230719393839,-34.0647505438196,6.35407855876866,-14.9163525204827
9.23707703073352,40.9366299128125,-40.8664108205966,43.2842877942867,-22.6386887589459,12.1942964359915,-29.3131605783671,5.79130838668954,-35.0520348910997
9.29993823727064,40.8683737779663,-38.8031320940072,43.3181061960136,-20.6048474063662,8.1310458651335,-20.3062717521391,5.31194748410138,-18.1325656878981
9.36322723403558,40.6352938157561,-37.1768945266339,43.0439226761048,-19.7433190524108,1.69198309745008,-18.5879280890125,4.77427880945999,-17.6422000344311
9.42694693227502,40.2586702912716,-36.102531970057,42.9799672946876,-19.255664497004,-4.46470046469449,-21.8800240928429,4.44333909175748,-19.5174085051241
9.49110026304757,39.852563057395,-35.3598604164201,42.5150129399526,-19.5460695990395,2.48126032141118,-29.822263010706,4.69613063930325,-11.9588300336318
9.55569017735865,39.5349415582821,-34.7158675203951,42.3962214102959,-19.6582253351037,6.76119081878295,-19.9195779818326,5.25068464718834,-9.90894308071586
9.62071964629619,39.2255129375617,-34.1894627348576,42.2413051339364,-19.7640391055467,8.73280871434702,-17.3542642927537,5.48046904927816,-14.7751266532104
9.68619166116728,38.9269112222225,-33.7831527330912,41.918949745969,-19.849714979068,9.69840089461906,-17.5351739800201,6.02003877064334,-19.0053984119766
9.75210923363581,38.4967088095645,-33.7118230096915,41.8551444314937,-19.4970216696898,10.8627409844341,-18.5166916344777,6.1070124539653,-8.56977348910596
9.81847539586099,38.0704986235933,-33.9416382293229,41.4335252580117,-19.4658763629513,11.6633372538275,-16.0181995469745,5.58916950771231,-6.29766711129759
9.88529320063682,37.6808274349331,-34.576686257458,41.2503028110183,-19.3351048929036,12.1242317254097,-12.9064042988476,4.76435578275766,-7.25446500352717
9.95256572153252,37.4097956206215,-35.7306464974507,40.9085835900268,-19.6199086357681,11.5498899812218,-12.0147534659249,3.69305780820929,-10.9089055580412
10.0202960530339,37.036124211839,-37.936843364117,40.6763476894246,-20.0993706958493,10.5338038078023,-13.2017044904402,3.14602173831423,-14.3022371332771
10.0884873106858,36.6609332094228,-41.6021466816818,40.3392495907316,-20.9630151266477,8.84891100199775,-12.0530566869596,1.3072150071676,-13.2391904947499
10.1571426312351,36.197614852406,-45.6918369410712,39.9207642521381,-22.0604669514372,7.15239485102779,-10.7080395269245,0.183344004694447,-16.0665258353833
10.2262651727756,35.8369919857701,-42.292589871868,39.7553396342823,-22.7562559971802,7.41661070597269,-10.6438688605147,-0.288573232818749,-18.437068774124
10.2958581148925,35.5289320305563,-37.7134894318129,39.3956691095037,-23.1440739590994,9.82477825491424,-12.8138502242816,-2.54405764281023,-11.6153265105719
10.3659246588093,35.4101580417363,-34.4445978591284,39.3037580669639,-22.7210557197352,11.465365769741,-16.9467151529109,-5.61473649499823,-10.5944672617955
10.4364680275349,35.0195649014352,-32.4212555514204,38.8367278892196,-22.4352669212017,12.4370596602313,-14.7078120049318,-9.00258918902324,-11.4855946197273
10.5074914660116,34.6286001558029,-31.0130084156277,38.6394407150249,-21.915922199096,12.2410950802142,-11.6253401702762,-15.1465858967216,-13.3713347930196
10.5789982412647,34.3886722878641,-29.8360077472379,38.0335018775701,-21.9032915046052,12.5579878780131,-11.120295431283,-21.6982908157065,-38.1943421484157
10.6509916425525,34.0194977055406,-29.001758714312,37.7529389513493,-21.5690841082368,12.410663000732,-12.2196133960553,-11.9205124662997,-14.1369467362015
10.7234749815178,33.7560267542368,-28.1431930936981,37.3337075048015,-21.2526462751329,13.1371188238543,-12.9748365908066,-7.07317924233217,-9.02280423261362
10.7964515923403,33.4001502312839,-27.4024951291643,36.6817620771773,-21.0332064455629,13.26459100508,-15.2174566375491,-4.34238267893357,-8.63045920636466
10.8699248318896,33.1102801468854,-26.6465722096303,36.4333219002067,-20.4053442302188,13.483440844388,-16.8650478337049,-2.63795847490917,-8.69901695466001
10.9438980798799,32.791523403258,-26.0522490359301,36.0085134012007,-20.1468766116539,12.0189672346494,-27.2031920945984,-3.17414631174177,-9.84785124384331
11.0183747390256,32.6295906359463,-25.5280872129041,35.4611847561716,-20.3700248860309,10.4711306501426,-23.9691069963649,-3.17518312879184,-10.7704770986352
11.0933582351975,32.5515713152669,-25.2089183589371,35.2491994450695,-20.6928130414428,6.98364299807906,-21.0936396478688,-2.12832179825438,-14.0756228743329
11.1688520175805,32.357336725666,-25.3240834704073,34.6142034734338,-21.8312988518967,2.90496123157209,-20.0171573454771,-2.61763501099568,-18.4738115099967
11.2448595588323,32.184795702735,-25.7387970007928,33.9851438320011,-23.1045944606432,5.13842355842451,-16.0132213136906,-4.59592860124638,-36.3905498212283
11.3213843552432,32.0577231306081,-26.4205084230949,33.830657624414,-23.5220073504438,8.6513897512113,-16.9618399424762,-7.25793109381317,-19.0342779473859
11.3984299268968,31.9852941100061,-27.3567955397999,33.2879287676496,-23.5935868999562,9.56261990150165,-15.1895699009132,-8.77842716298869,-15.7585461100622
11.4759998178319,31.8649346750364,-28.6465607007235,32.7512391616152,-23.2907180942169,11.0609810829306,-14.1944769949519,-4.42692501360864,-16.7570073001214
11.5540975962058,31.722649796118,-30.258548435548,32.41662815534,-23.0002411318,11.5195581513631,-19.2086442021038,-0.508174659858696,-21.6284006090244
11.632726854458,31.6079007850108,-32.0833013951718,32.0316471152228,-23.2051220930266,13.4553800860646,-20.2559091180952,2.57895710446843,-28.4385609003274
11.7118912094758,31.6664872016505,-33.6671496932248,31.6834640984353,-23.5736361604023,14.844628838139,-15.6412284309171,4.61796750740558,-14.8762623919483
11.7915943027606,31.5281011917835,-34.4279178248965,31.1859964429709,-23.5388561387482,15.4556555417124,-17.8134341227745,6.42628210401847,-12.9840245694188
11.8718398005952,31.2362411245659,-33.5649325264907,30.7918244689317,-22.2887599309002,14.0183873383623,-23.8514576933573,8.17105747387916,-15.6570110319889
11.9526313942127,31.024337966839,-31.7407210288923,30.518717326502,-20.3196683433916,16.6458342562115,-32.4570767005508,10.1980796334674,-21.0912725582162
12.0339727999663,30.8272741730807,-30.0461848054568,30.0028234482305,-18.7136751991347,17.3108693773633,-21.6005482425832,10.3959042737856,-16.8409460759115
12.1158677594999,30.6350753647342,-28.8408486832166,30.0038888578409,-16.9938337427712,19.6367466760809,-13.3614855009272,9.53859788447903,-14.7453215248559
12.1983200399207,30.4835451999357,-28.1590296413752,29.6427258198792,-16.0981496917937,19.9335700726165,-11.0266788021487,9.77534257172852,-13.3977308971674
12.2813334339721,30.2276870910733,-28.1148764525384,29.4354295302887,-15.4922186799991,23.442740023682,-10.0415755828188,9.52275519559049,-18.0541106009219
12.3649117602083,30.2277572330697,-28.2493961161226,28.9162807564243,-15.6079772831075,22.1584738115719,-11.1804033522564,9.85158061364393,-15.8732780758075
12.4490588631702,29.9282135048434,-28.8931688558718,28.7812574505315,-15.7134608698834,14.7044417656644,-14.919426210702,9.82484683381881,-12.1137842785367
12.5337786135617,29.6939302375118,-29.2748460866067,28.4969555674621,-16.3107133808421,11.3836517989,-18.4469027473204,9.69773343779315,-12.0300198007851
12.6190749084281,29.3673544564889,-29.140284934863,28.0551697666065,-17.3628600044663,11.530806319457,-24.3719781527209,7.09590362196701,-18.1391609569016
12.7049516713356,28.9995319607509,-28.4260081365591,27.7291952945445,-18.5162988243772,14.2053932800492,-25.5098846627882,5.63168878834841,-19.1763557824931
12.7914128525511,28.7106700977041,-27.3606156067391,27.3225397818046,-19.8384157633766,14.6179938893073,-21.0851649719439,5.25712623320612,-11.4218863892101
12.8784624292246,28.3081805532312,-26.4570327338425,27.0433608845318,-20.9552292021068,16.555193044874,-17.1217202947633,6.34956667212231,-8.29370636379861
12.9661044055717,27.7891363214868,-25.8638720510197,26.6564294670829,-22.0010415937991,15.7528815970848,-15.8293108468432,3.13495720932673,-11.2552129248779
13.054342813058,27.2255293413509,-25.5599045145943,26.2110118926729,-22.9934981417076,15.0964516617648,-22.0144237634751,3.72163187041571,-18.0856378048788
13.1431817105846,26.6196376340768,-25.5792947695639,25.6607479410602,-24.2188876902301,13.2025429291579,-28.615781207774,1.3917547898381,-34.6012468352437
13.2326251846744,26.0820974985996,-25.8570825869222,25.1105190524906,-25.9391409666223,12.9962190760403,-14.3149943220151,-2.33863555900689,-19.0657843401298
13.3226773496606,25.302836663948,-26.7614931016542,24.4147970900444,-28.8444935119796,10.334641765417,-11.585010052743,-5.76981709798645,-22.9040707472124
13.4133423478757,24.7916492755023,-27.828689787525,23.650227898562,-33.4236729996036,9.4250819864082,-11.906755606087,-3.64274021323968,-28.7682784201254
13.5046243498421,24.1982676170657,-29.3946410828448,22.8492546983989,-33.4726279723582,7.98537205687467,-15.6682034615976,-4.69549418357707,-18.0736585088963
13.5965275544638,23.8297992552484,-30.9537013116686,21.9789741881588,-27.6562970241683,2.25718700010145,-18.9057951172414,-8.28425858238478,-17.1495297572899
13.6890561892197,23.1861341600855,-32.3800654880364,21.1391095992337,-23.3726617781871,0.0998261099799151,-25.3482037968049,-10.1436669057613,-22.9619004356541
13.782214510358,22.5063819710938,-32.6863958082403,20.4993244450983,-20.1506373346395,2.1425948953862,-14.7339469533599,-9.29909684608936,-17.4853864077311
13.8760068030922,21.9550262147553,-31.9520268235239,19.4444378317759,-18.16523576341,-1.22373874392656,-11.4561099679418,-7.872187906421,-12.5399155879139
13.9704373817977,20.9046895113837,-31.6201472496602,18.3056748712206,-16.8656713923085,-3.96708937125379,-13.6375567336387,-6.47077716979913,-12.1608428545218
14.0655105902108,20.1630334246462,-31.3340577870244,16.9303956221761,-16.3147524826661,-6.12972072098859,-11.8106682044059,-7.38402524448082,-10.4584479912073
14.1612308016283,19.4142327391726,-31.5498066982238,15.8809712949104,-15.9017447229563,-8.70364053861465,-12.094488192239,-7.38776375839882,-14.2001514417945
14.2576024191085,18.30415758785,-32.6983475570322,14.6528499754315,-16.1055710324067,-5.52906998329689,-15.6763337310866,-5.95892547219574,-15.2047786482671
14.354629875674,17.0728470061961,-34.7001183063612,13.0996709493249,-17.05770656762,-7.36142186429282,-11.3315686079176,-7.52273846390307,-15.1479309102434
14.4523176345155,15.9084018310322,-37.7766729248765,11.4820395213195,-18.4937968838614,-8.51289909366199,-11.7426574395881,-7.02564207468089,-18.2338498129643
14.5506701891971,14.689816228873,-42.9068185059261,9.92538952841187,-20.3271597883719,-9.86159163410247,-14.1356154281259,-7.57210838206885,-25.1098677446674
14.649692063863,13.5274336401932,-45.1966386919881,8.08994518951761,-23.0016386598955,-7.5741986159565,-16.8137019239294,-10.8358900925326,-20.9069809205038
14.7493878134457,12.2184754601905,-39.1452841089042,6.12823100875232,-26.5375206862158,-4.86861064062231,-22.2450814705124,-11.7929571352163,-16.4025840863974
14.8497620238753,11.2509422480918,-34.7116116025702,4.48696141886205,-30.424934416373,-5.22799834432124,-16.8600651730368,-11.5922312731319,-21.0578506094146
14.9508193122907,10.5205755029708,-31.6448174067366,3.64166340806105,-32.2886816342361,-1.87151223747566,-11.8154414094265,-15.6868132406454,-17.7553789812835
15.0525643272518,9.55704737406569,-29.794578338072,3.12241904866949,-31.4933673116646,-3.79071357535304,-11.8116366258914,-18.2415960916716,-12.7434607100159
15.1550017489535,8.60956415655494,-28.582191289223,4.12676435333213,-29.819488936705,-2.86941578697082,-18.5059395584626,-24.0114957008167,-13.5448490410674
15.2581362894409,8.07034961948312,-27.385732996684,5.46834257156945,-29.2905632577683,-2.5789970839931,-22.5126655632216,-28.7175876277934,-18.868635892463
15.361972692826,7.4435954149327,-26.5316769015642,6.80237032132146,-30.1289289025751,-4.73220096884995,-17.6746035960772,-32.2851316748725,-21.1298218114096
15.4665157355059,7.05577867415963,-25.6016179116914,8.20883203987927,-32.4774004750192,-3.6214998722732,-17.1436530448677,-24.8239047806093,-15.1839599658152
15.5717702263826,6.62768271906288,-24.880351311995,9.11061361607489,-38.4251831535333,-5.35327612715179,-16.0998948308969,-26.1967490665414,-13.6754620930624
15.6777410070844,6.37238247194671,-24.2352612445346,10.4506234874929,-49.5366583585993,-5.96522517525443,-27.0035963902093,-24.2153010086679,-14.3881821180512
15.7844329521881,6.13406059433919,-23.9164474883398,10.9003208280823,-36.2654837741554,-9.9391864174857,-20.3438621211386,-22.8733724684972,-17.6047937480492
15.8918509694437,6.21752027015202,-23.7074681670151,11.7638462330117,-31.1970800033519,-12.925093961365,-21.6745449259009,-27.0341441722692,-21.7453175917941
16,5.97206665301741,-24.3250116654837,12.7772697206502,-28.3826722949563,-12.9667378365309,-25.7021388501396,-32.8624261392112,-23.4841798039884
